{"images": [{"id": 1, "width": 700, "height": 466, "file_name": "изображение.jpg"}], "annotations": [{"id": 1, "image_id": 1, "category_id": 1, "bbox": [0, 0, 699, 261], "score": 1.0114192962646484, "segmentation": [], "iscrowd": 0, "mask_path": "masks/изображение_ann_1.png"}, {"id": 2, "image_id": 1, "category_id": 1, "bbox": [0, 0, 699, 446], "score": 1.005861759185791, "segmentation": [], "iscrowd": 0, "mask_path": "masks/изображение_ann_2.png"}, {"id": 3, "image_id": 1, "category_id": 1, "bbox": [555, 78, 142, 92], "score": 0.9787499308586121, "segmentation": [], "iscrowd": 0, "mask_path": "masks/изображение_ann_3.png"}, {"id": 4, "image_id": 1, "category_id": 1, "bbox": [552, 247, 109, 218], "score": 0.9774597883224487, "segmentation": [], "iscrowd": 0, "mask_path": "masks/изображение_ann_4.png"}, {"id": 5, "image_id": 1, "category_id": 1, "bbox": [414, 154, 285, 310], "score": 0.9757353067398071, "segmentation": [], "iscrowd": 0, "mask_path": "masks/изображение_ann_5.png"}, {"id": 6, "image_id": 1, "category_id": 1, "bbox": [0, 175, 229, 289], "score": 0.9738951921463013, "segmentation": [], "iscrowd": 0, "mask_path": "masks/изображение_ann_6.png"}, {"id": 7, "image_id": 1, "category_id": 1, "bbox": [450, 447, 49, 18], "score": 0.970085620880127, "segmentation": [], "iscrowd": 0, "mask_path": "masks/изображение_ann_7.png"}, {"id": 8, "image_id": 1, "category_id": 1, "bbox": [325, 259, 70, 200], "score": 0.9673057794570923, "segmentation": [], "iscrowd": 0, "mask_path": "masks/изображение_ann_8.png"}, {"id": 9, "image_id": 1, "category_id": 1, "bbox": [166, 262, 50, 162], "score": 0.9665893316268921, "segmentation": [], "iscrowd": 0, "mask_path": "masks/изображение_ann_9.png"}, {"id": 10, "image_id": 1, "category_id": 1, "bbox": [0, 62, 102, 69], "score": 0.9661932587623596, "segmentation": [], "iscrowd": 0, "mask_path": "masks/изображение_ann_10.png"}, {"id": 11, "image_id": 1, "category_id": 1, "bbox": [310, 175, 60, 88], "score": 0.9650136232376099, "segmentation": [], "iscrowd": 0, "mask_path": "masks/изображение_ann_11.png"}, {"id": 12, "image_id": 1, "category_id": 1, "bbox": [111, 134, 74, 67], "score": 0.9644960165023804, "segmentation": [], "iscrowd": 0, "mask_path": "masks/изображение_ann_12.png"}, {"id": 13, "image_id": 1, "category_id": 1, "bbox": [92, 101, 104, 67], "score": 0.9629241228103638, "segmentation": [], "iscrowd": 0, "mask_path": "masks/изображение_ann_13.png"}, {"id": 14, "image_id": 1, "category_id": 1, "bbox": [427, 170, 104, 66], "score": 0.9609748125076294, "segmentation": [], "iscrowd": 0, "mask_path": "masks/изображение_ann_14.png"}, {"id": 15, "image_id": 1, "category_id": 1, "bbox": [474, 170, 57, 66], "score": 0.9595545530319214, "segmentation": [], "iscrowd": 0, "mask_path": "masks/изображение_ann_15.png"}, {"id": 16, "image_id": 1, "category_id": 1, "bbox": [417, 272, 96, 188], "score": 0.955406129360199, "segmentation": [], "iscrowd": 0, "mask_path": "masks/изображение_ann_16.png"}, {"id": 17, "image_id": 1, "category_id": 1, "bbox": [188, 238, 83, 73], "score": 0.9483584761619568, "segmentation": [], "iscrowd": 0, "mask_path": "masks/изображение_ann_17.png"}, {"id": 18, "image_id": 1, "category_id": 1, "bbox": [579, 136, 95, 120], "score": 0.9482920169830322, "segmentation": [], "iscrowd": 0, "mask_path": "masks/изображение_ann_18.png"}, {"id": 19, "image_id": 1, "category_id": 1, "bbox": [128, 256, 72, 152], "score": 0.9475218057632446, "segmentation": [], "iscrowd": 0, "mask_path": "masks/изображение_ann_19.png"}, {"id": 20, "image_id": 1, "category_id": 1, "bbox": [588, 171, 59, 57], "score": 0.9457662105560303, "segmentation": [], "iscrowd": 0, "mask_path": "masks/изображение_ann_20.png"}, {"id": 21, "image_id": 1, "category_id": 1, "bbox": [289, 447, 19, 18], "score": 0.9440678358078003, "segmentation": [], "iscrowd": 0, "mask_path": "masks/изображение_ann_21.png"}, {"id": 22, "image_id": 1, "category_id": 1, "bbox": [331, 456, 62, 9], "score": 0.9430688619613647, "segmentation": [], "iscrowd": 0, "mask_path": "masks/изображение_ann_22.png"}, {"id": 23, "image_id": 1, "category_id": 1, "bbox": [221, 436, 68, 11], "score": 0.9411824941635132, "segmentation": [], "iscrowd": 0, "mask_path": "masks/изображение_ann_23.png"}, {"id": 24, "image_id": 1, "category_id": 1, "bbox": [218, 395, 65, 29], "score": 0.9399445056915283, "segmentation": [], "iscrowd": 0, "mask_path": "masks/изображение_ann_24.png"}, {"id": 25, "image_id": 1, "category_id": 1, "bbox": [0, 119, 89, 76], "score": 0.9395018815994263, "segmentation": [], "iscrowd": 0, "mask_path": "masks/изображение_ann_25.png"}, {"id": 26, "image_id": 1, "category_id": 1, "bbox": [460, 135, 103, 73], "score": 0.9363112449645996, "segmentation": [], "iscrowd": 0, "mask_path": "masks/изображение_ann_26.png"}, {"id": 27, "image_id": 1, "category_id": 1, "bbox": [681, 198, 18, 31], "score": 0.9302324056625366, "segmentation": [], "iscrowd": 0, "mask_path": "masks/изображение_ann_27.png"}, {"id": 28, "image_id": 1, "category_id": 1, "bbox": [411, 424, 23, 41], "score": 0.9283157587051392, "segmentation": [], "iscrowd": 0, "mask_path": "masks/изображение_ann_28.png"}, {"id": 29, "image_id": 1, "category_id": 1, "bbox": [190, 245, 26, 39], "score": 0.9276809692382812, "segmentation": [], "iscrowd": 0, "mask_path": "masks/изображение_ann_29.png"}, {"id": 30, "image_id": 1, "category_id": 1, "bbox": [162, 262, 62, 203], "score": 0.9267180562019348, "segmentation": [], "iscrowd": 0, "mask_path": "masks/изображение_ann_30.png"}], "categories": [{"id": 1, "name": "person"}]}