{"images": [{"id": 1, "width": 700, "height": 466, "file_name": "изображение.jpg"}], "annotations": [{"id": 1, "image_id": 1, "category_id": 1, "bbox": [0, 58, 346, 407], "score": 0.7641469240188599, "segmentation": [], "iscrowd": 0}, {"id": 2, "image_id": 1, "category_id": 1, "bbox": [322, 62, 377, 403], "score": 0.7144874334335327, "segmentation": [], "iscrowd": 0}, {"id": 3, "image_id": 1, "category_id": 1, "bbox": [255, 67, 197, 398], "score": 0.7074858546257019, "segmentation": [], "iscrowd": 0}, {"id": 4, "image_id": 1, "category_id": 1, "bbox": [92, 99, 134, 366], "score": 0.5779474377632141, "segmentation": [], "iscrowd": 0}], "categories": [{"id": 1, "name": "person"}]}