{"images": [{"id": 1, "width": 700, "height": 466, "file_name": "изображение.jpg"}], "annotations": [{"id": 1, "image_id": 1, "category_id": 1, "bbox": [553, 77, 145, 94], "score": 0.7079843878746033, "segmentation": [], "iscrowd": 0}, {"id": 2, "image_id": 1, "category_id": 1, "bbox": [0, 60, 103, 73], "score": 0.6836197972297668, "segmentation": [], "iscrowd": 0}, {"id": 3, "image_id": 1, "category_id": 1, "bbox": [459, 133, 105, 76], "score": 0.6692367196083069, "segmentation": [], "iscrowd": 0}, {"id": 4, "image_id": 1, "category_id": 1, "bbox": [91, 100, 106, 70], "score": 0.5593250393867493, "segmentation": [], "iscrowd": 0}], "categories": [{"id": 1, "name": "helmet"}]}